method,best_score,best_step,mean_score
manual_bo,0.77734375,26,0.7667643229166666
manual_random,0.7721354166666667,37,0.762939453125
