method,best_score,best_step,mean_score
manual_bo,0.77734375,26,0.7666015625
manual_random,0.76953125,16,0.7625732421875
