method,best_score,best_step,mean_score
optuna_tpe,0.7877604166666667,17,0.76953125
optuna_random,0.78515625,9,0.763888888888889
