method,best_score,best_step,mean_score
optuna_tpe,0.7877604166666667,17,0.7704671223958333
optuna_random,0.78515625,9,0.7649739583333333
